mode,load_start,repeat,sent,send_rps,completed,completed_pct,in_window_rps,sustained_rps,drain_s,e2e_p50_ms,e2e_p95_ms,e2e_p95_classified_ms,skip_pct,attack_flows,attack_recall_pct,rate
split,1790730770,0,1553,34.5,1553,100.0,32.76,20.99,29.0,359.9,18039.2,26788.3,88.7,238,70.2,40.0
split,1790730893,1,1554,34.5,1554,100.0,33.14,23.1,22.2,353.7,12404.1,21429.8,88.7,238,70.2,40.0
single,1790731025,0,89,2.0,89,100.0,1.91,1.73,6.5,4387.5,8027.8,8027.8,0.0,11,100.0,2.0
single,1790731148,1,89,2.0,89,100.0,1.62,1.96,0.4,4200.7,8194.9,8194.9,0.0,11,100.0,2.0
single,1790731281,0,133,3.0,133,100.0,2.62,2.52,7.7,6976.7,12736.0,12736.0,0.0,17,100.0,3.0
single,1790731404,1,133,3.0,133,100.0,2.38,2.48,8.6,4735.6,9840.4,9840.4,0.0,17,100.0,3.0
horizontal,1790731540,0,176,3.9,176,100.0,3.55,3.35,7.6,4315.7,8384.9,8384.9,0.0,26,100.0,4.0
horizontal,1790731663,1,176,3.9,176,100.0,3.87,3.33,7.9,3856.1,7952.4,7952.4,0.0,26,100.0,4.0
horizontal,1790731800,0,262,5.8,262,100.0,4.62,4.72,10.5,9097.1,13405.8,13405.8,0.0,37,100.0,6.0
horizontal,1790731923,1,262,5.8,262,100.0,4.75,4.81,9.4,5185.8,9974.9,9974.9,0.0,37,100.0,6.0
single_gate,1790732055,0,89,2.0,89,100.0,1.69,1.92,1.2,3875.8,7867.6,7826.7,88.8,11,81.8,2.0
single_gate,1790732178,1,89,2.0,89,100.0,1.98,1.98,0.0,3666.3,7666.5,6978.6,88.8,11,81.8,2.0
single_gate,1790732310,0,133,3.0,133,100.0,2.35,2.39,10.6,8053.5,13203.2,13270.0,88.7,17,76.5,3.0
single_gate,1790732433,1,133,3.0,133,100.0,2.38,2.48,8.7,4635.1,10118.7,6929.5,88.7,17,76.5,3.0
spark_cluster,1790732876,0,422,9.4,422,100.0,9.17,8.34,5.6,727.7,6188.1,12013.6,89.1,62,69.4,10.0
spark_cluster,1790732999,1,421,9.4,421,100.0,9.04,8.98,1.8,728.2,4226.3,8579.5,89.1,62,69.4,10.0
spark_cluster,1790733135,0,827,18.4,827,100.0,17.55,14.43,12.3,683.3,14838.9,22929.0,88.4,128,70.3,20.0
spark_cluster,1790733258,1,829,18.4,829,100.0,17.88,17.13,3.4,691.2,5686.0,9730.2,88.4,129,69.8,20.0
